INSERT INTO airport (airp_code, airp_name, airp_city, airp_timezone) VALUES 
('adf', 'pkybird0', 'Songjianghe', 'Asia/Harbin'), 
('xlv', 'gmaccurlye1', 'Landi Kotal', 'Asia/Karachi'),
('azd', 'cbeeze2', 'Vidin', 'Europe/Sofia'),
('vxn', 'ablondell3', 'Moscow', 'Europe/Moscow'),
('zxc', 'ccolville4', 'Waldbillig', 'Europe/Luxembourg'),
('das', 'arp_majal', 'Itapeva', 'Asia/Shanghai'), 
('ftg', 'el.ben', 'Koronadal', 'Asia/Karachi'),
('zas', 'Marinna_air', 'Jiekeng', 'Europe/Sofia'),
('zuy', 'Salomone', 'Wysoka', 'Asia/Kabul'),
('xio', 'Alec', 'Skoroszyce', 'Europe/Luxembourg'),
('dgh', 'Dagmar', 'Tatariv', 'Asia/Harbin'), 
('lvx', 'Ernestus', 'Iwaki', 'Asia/Karachi'),
('dza', 'Sarah Frontman', 'Sofia', 'Europe/Sofia'),
('xvn', 'Zorina', 'Jiekeng', 'Europe/Moscow'),
('xcz', 'Rodney', 'Himaya', 'Europe/Luxembourg'),
('fda', 'Reyna', 'Nangerang', 'Asia/Harbin'), 
('fds', 'Lela', 'Jiekeng', 'Asia/Karachi'),
('zzs', 'Gardner', 'Athens', 'Europe/Instabul'),
('hvx', 'Harley', 'Harbin', 'Asia/Harbin'),
('wsa', 'Ode', 'Bromma', 'Europe/Luxembourg');

INSERT INTO aircraft (airc_code, airc_name, airc_capacity, airc_range, airp_code) VALUES 
(345, 'rspringthorpe0', 35, 66, 'adf'),
(224, 'ggreiser1', 42, 24, 'xlv'),
(567, 'bokenden2', 101, 120, 'azd'),
(274, 'lfosse3', 52, 70, 'vxn'),
(264, 'jperrett4', 6, 96, 'zxc'),
(348, 'rspringthorpe0', 37, 67, 'das'),
(222, 'ggreiser1', 43, 15, 'ftg'),
(577, 'bokenden2', 100, 14, 'zas'),
(374, 'lfosse3', 53, 10, 'zuy'),
(364, 'jperrett4', 40, 100, 'xio');

INSERT INTO flight (fl_code, airc_range, fl_distance, depart_airp_code, depart_time_sche, arr_airp_code, arr_time_sche, fl_status) VALUES 
('EDoazFvG2m', 66, 27, 'adf', '2:26 AM', 'xlv', '10:20 AM', 'Not Booked'),
('16aghzXbPp', 96, 79, 'azd', '2:56 PM', 'vxn', '5:19 PM', 'Not Booked'),
('1LeMJJzMjw', 96, 71, 'xlv', '11:12 AM', 'zxc', '1:56 AM', 'Not Booked'),
('1DxfMSFQW8', 66, 31, 'adf', '7:09 PM', 'zxc', '8:04 PM', 'Not Booked'),
('1J8PSkCuMZ', 14, 3, 'zxc', '4:49 PM', 'adf', '5:43 PM', 'Not Booked'),
('HfdofJ86Jo', 66, 35, 'das', '5:26 AM', 'azd', '10:20 AM', 'Not Booked'),
('OPljf24efj', 100, 79, 'azd', '4:56 PM', 'wsa', '5:19 PM', 'Not Booked'),
('AV769djvdo', 96, 71, 'fda', '12:12 AM', 'wsa', '1:56 AM', 'Not Booked'),
('hti86HUk97', 67, 31, 'zzs', '4:09 PM', 'hvx', '8:04 PM', 'Not Booked'),
('1343ffvrsv', 14, 3, 'ftg', '8:49 PM', 'das', '5:43 AM', 'Not Booked');
 
INSERT INTO flight_date (fl_code, fl_date) VALUES 
('EDoazFvG2m', '6/9/2022'),
('EDoazFvG2m', '9/9/2022'),
('EDoazFvG2m', '12/9/2022'),
('EDoazFvG2m', '15/9/2022'),
('16aghzXbPp', '13/9/2022'),
('16aghzXbPp', '14/9/2022'),
('16aghzXbPp', '15/9/2022'),
('16aghzXbPp', '25/9/2022'),
('1LeMJJzMjw', '11/9/2022'),
('1LeMJJzMjw', '20/9/2022'),
('1LeMJJzMjw', '22/9/2022'),
('1LeMJJzMjw', '24/9/2022'),
('1DxfMSFQW8', '10/9/2022'),
('1DxfMSFQW8', '12/9/2022'),
('1DxfMSFQW8', '25/9/2022'),
('1DxfMSFQW8', '26/9/2022'),
('1J8PSkCuMZ', '2/9/2022'),
('1J8PSkCuMZ', '3/9/2022'),
('1J8PSkCuMZ', '9/9/2022'),
('1J8PSkCuMZ', '13/9/2022'),
('HfdofJ86Jo', '13/9/2022'),
('HfdofJ86Jo', '17/9/2022'),
('HfdofJ86Jo', '20/9/2022'),
('HfdofJ86Jo', '22/9/2022'),
('OPljf24efj', '7/9/2022'),
('OPljf24efj', '11/9/2022'),
('OPljf24efj', '13/9/2022'),
('OPljf24efj', '25/9/2022'),
('AV769djvdo', '4/9/2022'),
('AV769djvdo', '7/9/2022'),
('AV769djvdo', '16/9/2022'),
('AV769djvdo', '26/9/2022'),
('hti86HUk97', '1/9/2022'),
('hti86HUk97', '5/9/2022'),
('1343ffvrsv', '13/9/2022');

INSERT INTO flight_depart_act (fl_code, depart_date_act) VALUES
('EDoazFvG2m' ,'2022-9-6 02:26:00'),
('EDoazFvG2m' ,'2022-9-9 02:26:00'),
('EDoazFvG2m' ,'2022-9-12 02:26:00'),
('EDoazFvG2m' ,'2022-9-15 02:30:00'),
('16aghzXbPp' ,'2022-9-13 14:56:54'),
('16aghzXbPp' ,'2022-9-14 14:58:54'),
('16aghzXbPp' ,'2022-9-15 14:56:54'),
('16aghzXbPp' ,'2022-9-25 14:57:54'),
('1LeMJJzMjw' ,'2022-9-11 11:57:54'),
('1LeMJJzMjw' ,'2022-9-20 11:57:54'),
('1LeMJJzMjw' ,'2022-9-22 11:57:54'),
('1LeMJJzMjw' ,'2022-9-24 11:57:54'),
('1DxfMSFQW8' ,'2022-9-10 19:12:54'),
('1DxfMSFQW8' ,'2022-9-12 19:16:54'),
('1DxfMSFQW8' ,'2022-9-25 19:09:00'),
('1DxfMSFQW8' ,'2022-9-26 19:09:00'),
('1J8PSkCuMZ' ,'2022-9-2 16:49:00'),
('1J8PSkCuMZ' ,'2022-9-3 16:49:00'),
('1J8PSkCuMZ' ,'2022-9-9 16:59:00'),
('1J8PSkCuMZ' ,'2022-9-13 16:51:00'),
('HfdofJ86Jo' ,'2022-9-13 05:26:00'),
('HfdofJ86Jo' ,'2022-9-17 05:29:00'),
('HfdofJ86Jo' ,'2022-9-20 05:27:00'),
('HfdofJ86Jo' ,'2022-9-22 05:26:00'),
('OPljf24efj' ,'2022-9-7 16:56:00'),
('OPljf24efj' ,'2022-9-11 16:56:00'),
('OPljf24efj' ,'2022-9-13 16:58:00'),
('OPljf24efj' ,'2022-9-25 16:56:00'),
('AV769djvdo' ,'2022-9-4 00:12:00'),
('AV769djvdo' ,'2022-9-7 00:12:00'),
('AV769djvdo' ,'2022-9-16 00:25:00'),
('AV769djvdo' ,'2022-9-26 00:12:00'),
('hti86HUk97' ,'2022-9-1 16:12:00'),
('hti86HUk97' ,'2022-9-5 16:16:00'),
('1343ffvrsv' ,'2022-9-13 20:49:00');

INSERT INTO flight_arr_act (fl_code, arr_date_act) VALUES
('EDoazFvG2m' ,'2022-9-6 10:20:00'),
('EDoazFvG2m' ,'2022-9-9 10:32:00'),
('EDoazFvG2m' ,'2022-9-12 10:20:00'),
('EDoazFvG2m' ,'2022-9-15 10:22:00'),
('16aghzXbPp' ,'2022-9-13 17:19:00'),
('16aghzXbPp' ,'2022-9-14 17:19:00'),
('16aghzXbPp' ,'2022-9-15 17:19:00'),
('16aghzXbPp' ,'2022-9-25 17:19:00'),
('1LeMJJzMjw' ,'2022-9-12 01:56:00'),
('1LeMJJzMjw' ,'2022-9-21 02:01:54'),
('1LeMJJzMjw' ,'2022-9-23 01:57:54'),
('1LeMJJzMjw' ,'2022-9-25 01:58:54'),
('1DxfMSFQW8' ,'2022-9-10 20:04:00'),
('1DxfMSFQW8' ,'2022-9-12 20:10:00'),
('1DxfMSFQW8' ,'2022-9-25 20:14:00'),
('1DxfMSFQW8' ,'2022-9-26 20:04:00'),
('1J8PSkCuMZ' ,'2022-9-2 17:43:00'),
('1J8PSkCuMZ' ,'2022-9-3 17:43:00'),
('1J8PSkCuMZ' ,'2022-9-9 17:52:00'),
('1J8PSkCuMZ' ,'2022-9-13 17:43:00'),
('HfdofJ86Jo' ,'2022-9-13 10:20:00'),
('HfdofJ86Jo' ,'2022-9-17 10:30:00'),
('HfdofJ86Jo' ,'2022-9-20 10:34:00'),
('HfdofJ86Jo' ,'2022-9-22 10:20:00'),
('OPljf24efj' ,'2022-9-7 17:19:00'),
('OPljf24efj' ,'2022-9-11 17:19:00'),
('OPljf24efj' ,'2022-9-13 17:27:00'),
('OPljf24efj' ,'2022-9-25 17:19:00'),
('AV769djvdo' ,'2022-9-4 01:56:00'),
('AV769djvdo' ,'2022-9-7 01:56:00'),
('AV769djvdo' ,'2022-9-16 01:56:00'),
('AV769djvdo' ,'2022-9-26 13:56:00'),
('hti86HUk97' ,'2022-9-1 20:04:00'),
('hti86HUk97' ,'2022-9-5 20:14:00'),
('1343ffvrsv' ,'2022-9-14 05:43:00');

INSERT INTO book (book_ref, fl_code, fl_date, book_date, book_tprice) VALUES 
('gh3j42', 'EDoazFvG2m', '6/9/2022', '7/8/2022', null),
('ukh1d5', 'EDoazFvG2m', '6/9/2022', '16/8/2022', null),
('44gh21', 'EDoazFvG2m', '9/9/2022', '25/8/2022', null),
('gh5hdr', 'EDoazFvG2m', '12/9/2022', '1/9/2022', null),
('dd3j42', 'EDoazFvG2m', '12/9/2022', '5/9/2022', null),
('hhy54h', '16aghzXbPp', '13/9/2022', '23/8/2022', null),
('dbbf3t', '16aghzXbPp', '14/9/2022', '27/8/2022', null),
('gbgb63', '16aghzXbPp', '14/9/2022', '30/8/2022', null),
('dbd23b', '16aghzXbPp', '15/9/2022', '22/8/2022', null),
('54gfd3', '16aghzXbPp', '15/9/2022', '26/8/2022', null),
('bdsdf2', '16aghzXbPp', '25/9/2022', '27/8/2022', null),
('sfb3sv', '16aghzXbPp', '25/9/2022', '29/8/2022', null),
('gnvx32', '1LeMJJzMjw', '11/9/2022', '15/8/2022', null),
('56657b', '1LeMJJzMjw', '20/9/2022', '28/8/2022', null),
('dg324g', '1LeMJJzMjw', '24/9/2022', '29/8/2022', null),
('hhg56w', '1DxfMSFQW8', '10/9/2022', '29/8/2022', null),
('46fb13', '1DxfMSFQW8', '10/9/2022', '29/8/2022', null),
('hgb564', '1DxfMSFQW8', '12/9/2022', '29/8/2022', null),
('f3g5h5', '1DxfMSFQW8', '12/9/2022', '29/8/2022', null),
('3gtnrb', '1J8PSkCuMZ', '02/9/2022', '19/8/2022', null),
('7de3gd', '1J8PSkCuMZ', '02/9/2022', '22/8/2022', null),
('3ght67', '1J8PSkCuMZ', '09/9/2022', '27/8/2022', null),
('g5j4dd', '1J8PSkCuMZ', '13/9/2022', '27/8/2022', null),
('sfbd14', 'HfdofJ86Jo', '13/9/2022', '15/8/2022', null),
('sdbfv1', 'HfdofJ86Jo', '13/9/2022', '25/8/2022', null),
('advsd2', 'HfdofJ86Jo', '17/9/2022', '26/8/2022', null),
('13vvrv', 'HfdofJ86Jo', '20/9/2022', '29/8/2022', null),
('dvd234', 'HfdofJ86Jo', '20/9/2022', '22/8/2022', null),
('vs35sv', 'HfdofJ86Jo', '20/9/2022', '24/8/2022', null),
('sdvsv3', 'HfdofJ86Jo', '22/9/2022', '23/8/2022', null),
('235gsv', 'HfdofJ86Jo', '22/9/2022', '23/8/2022', null),
('bbb3sv', 'HfdofJ86Jo', '22/9/2022', '27/8/2022', null),
('bgst51', 'OPljf24efj', '07/9/2022', '13/8/2022', null),
('763gbs', 'OPljf24efj', '07/9/2022', '13/8/2022', null),
('dbbg4h', 'OPljf24efj', '11/9/2022', '13/9/2022', null),
('23hbgd', 'OPljf24efj', '13/9/2022', '19/8/2022', null),
('454hsb', 'OPljf24efj', '13/9/2022', '14/8/2022', null),
('egfge3', 'OPljf24efj', '25/9/2022', '13/9/2022', null),
('fg456h', 'OPljf24efj', '25/9/2022', '13/9/2022', null),
('dbr454', 'AV769djvdo', '04/9/2022', '13/8/2022', null),
('kfg5bc', 'AV769djvdo', '04/9/2022', '13/8/2022', null),
('dgnd31', 'AV769djvdo', '07/9/2022', '15/8/2022', null),
('36ebda', 'AV769djvdo', '07/9/2022', '18/8/2022', null),
('enwer5', 'AV769djvdo', '16/9/2022', '26/8/2022', null),
('dv25a2', 'AV769djvdo', '26/9/2022', '29/8/2022', null),
('47dbd2', 'AV769djvdo', '26/9/2022', '30/8/2022', null),
('db5db1', 'hti86HUk97', '01/9/2022', '13/8/2022', null),
('ad5ev1', 'hti86HUk97', '01/9/2022', '13/8/2022', null),
('dv224v', 'hti86HUk97', '05/9/2022', '13/8/2022', null),
('adv24s', 'hti86HUk97', '05/9/2022', '13/8/2022', null),
('dvcvc3', '1343ffvrsv', '13/9/2022', '17/8/2022', null),
('sdvb3s', '1343ffvrsv', '13/9/2022', '21/8/2022', null),
('bsdv3s', '1343ffvrsv', '13/9/2022', '23/8/2022', null);

INSERT INTO ticket (t_no, t_pass_fname, t_pass_lname, t_pass_id, t_pass_email, t_pass_tel, t_pass_addr, t_tprice, book_ref) values
('1265789542646', 'Celka', 'Nordass', '5556dfb', 'cnordass0@com.com', '+54-227-737-2986', '8 Union Center', null, 'gh3j42'),
('5435851315564', 'Gwendolyn', 'Crosfeld', '352372347', 'gcrosfeld2@wikimedia.org', '+62-830-134-6538', '99 Summer Ridge Terrace', null, '44gh21'),
('7633435365673', 'Marthe', 'Breeze', '43574hgj3', 'mbreeze3@tripadvisor.com', '+48-710-372-1545', '5998 Briar Crest Hill', null, 'gh5hdr'),
('3574345747346', 'Enid', 'Balsillie', '573363457', 'ebalsillie4@dagondesign.com', '+63-701-815-1748', '67807 Amoth Way', null, 'dd3j42'),
('4257474534657', 'Melodee', 'Warby', 'jj34453yj', 'mwarby5@timesonline.co.uk', '+976-365-348-1817', '83 Hudson Street', null, 'hhy54h'),
('3457432346245', 'Vivienne', 'Staning', '346834hjwrh', 'vstaning6@taobao.com', '+51-603-631-8933', '9106 Rieder Park', null, 'dbbf3t'),
('4257425724523', 'Clari', 'O'' Ronan', 'yjtjr5', 'coronan7@upenn.edu', '+358-178-190-6404', '9 Brentwood Lane', null, 'gbgb63'),
('2356236656522', 'Benny', 'Nuemann', '6437', 'bnuemann8@examiner.com', '+48-169-439-7624', '7 Mosinee Plaza', null, 'dbd23b'),
('2457468545686', 'Cortney', 'Campling', 'jdn4gn', 'ccampling9@amazonaws.com', '+86-255-412-8752', '5211 Monica Road', null, '54gfd3'),
('4568325768655', 'Carrissa', 'Carthy', 'hhet737', 'ccarthya@newyorker.com', '+255-137-636-2473', '5022 Dapin Trail', null, 'bdsdf2'),
('3592458564464', 'Malanie', 'Dullingham', 'h3h3hj4', 'mdullinghamb@angelfire.com', '+48-480-449-4529', '8393 Spohn Trail', null, 'sfb3sv'),
('6785673457682', 'Eugenie', 'Leatherbarrow', '573jgjt', 'eleatherbarrowd@cam.ac.uk', '+351-332-508-9838', '0480 Clarendon Avenue', null, '56657b'),
('3568524573468', 'Sher', 'Dunkirk', '4673gjsgj', 'sdunkirke@sina.com.cn', '+63-791-858-7902', '17 Milwaukee Crossing', null, 'dg324g'),
('3568534375768', 'Lettie', 'Myall', 'j4735jsdgj', 'lmyallf@theatlantic.com', '+62-298-378-2403', '89 Morrow Hill', null, 'hhg56w'),
('4675674567568', 'Marcie', 'Sole', 'jdn54bee', 'msoleg@google.co.uk', '+62-453-185-8739', '04 Brentwood Road', null, '46fb13'),
('2465752342466', 'Winni', 'Stienham', 'e5etbweb5', 'wstienhamh@yale.edu', '+86-512-874-5190', '3740 Harbort Alley', null, 'hgb564'),
('5679657874534', 'Garnet', 'Hassent', 'webtywbetb4', 'ghassenti@cnn.com', '+86-108-238-2815', '85 Village Street', null, 'f3g5h5'),
('6796356685847', 'Myriam', 'Matkin', 'we4beyetb5', 'mmatkinj@facebook.com', '+62-613-798-5380', '388 Northridge Avenue', null, '3gtnrb'),
('2354568567658', 'Darline', 'Olivello', 'berb5ge', 'dolivellok@vk.com', '+20-335-764-3563', '91942 Victoria Circle', null, '7de3gd'),
('2358568325685', 'Sada', 'Tonge', '3547nbtbhr', 'stongen@t-online.de', '+55-915-761-8899', '26 Northland Parkway', null, 'g5j4dd'),
('8785645675684', 'Leda', 'McKue', 'hbbw5yb4', 'lmckueo@google.com.br', '+63-454-447-0088', '8 Autumn Leaf Road', null, 'sfbd14'),
('3458658784567', 'Aeriel', 'Collecott', 'rb533bbrhb', 'acollecottp@deliciousdays.com', '+264-883-505-5645', '92 Tony Park', null, 'sdbfv1'),
('6793456345688', 'Cate', 'Sowrah', '35b53bbfg', 'csowrahq@census.gov', '+54-379-352-2656', '94 Golf Drive', null, 'advsd2'),
('2468797568964', 'Suzann', 'Brammall', 'b4bhfbh', 'sbrammallr@sbwire.com', '+976-988-252-1637', '61 Westend Trail', null, '13vvrv'),
('6895734575848', 'Katha', 'Peteri', 'b554brbf', 'kpeteris@w3.org', '+62-468-976-4200', '27611 Drewry Road', null, 'dvd234'),
('3568794634684', 'Rochette', 'Jeskins', 'bub54uye', 'rjeskinst@cyberchimps.com', '+962-391-999-3100', '77719 Emmet Terrace', null, 'vs35sv'),
('6793456879634', 'Kori', 'Voak', 'bd6bfyjfg', 'kvoakx@ebay.co.uk', '+51-926-237-6819', '18 Kings Center', null, 'bgst51'),
('6794546873457', 'Robby', 'Dedam', 'b66dfhnd', 'rdedamy@ibm.com', '+55-993-388-0083', '0621 Hintze Court', null, '763gbs'),
('6794575687937', 'Gertruda', 'Burdin', 'ndr6i6r5', 'gburdinz@dyndns.org', '+62-746-437-9825', '9992 Roth Alley', null, 'dbbg4h'),
('2465768556848', 'Heidi', 'Lowres', '65u6jhn', 'hlowres10@mail.ru', '+86-680-450-3320', '9233 Havey Way', null, '23hbgd'),
('4685345357685', 'Galina', 'Rive', 'jyd5', 'grive11@elpais.com', '+62-991-398-3450', '9120 Lindbergh Pass', null, '454hsb'),
('6587853463574', 'Mollie', 'Waiting', 'tdykdtn6', 'mwaiting12@vistaprint.com', '+62-801-647-0217', '873 Lyons Park', null, 'egfge3'),
('5685346325657', 'Ysabel', 'Lacy', '5nyjghn', 'ylacy13@pagesperso-orange.fr', '+993-584-264-8172', '68632 Wayridge Way', null, 'fg456h'),
('5685346325757', 'Calley', 'Garratty', 'kjssn5s', 'cgarratty14@yellowbook.com', '+351-484-671-8884', '5 Southridge Center', null, 'dbr454'),
('5679677345387', 'Jessica', 'Padillo', 'r5nrjyj', 'jpadillo15@cyberchimps.com', '+62-903-415-1220', '673 Park Meadow Plaza', null, 'kfg5bc'),
('6895746879456', 'Angelique', 'Jeffcoat', 'nr5sr5nj', 'ajeffcoat16@indiegogo.com', '+1-827-805-0158', '483 Nevada Parkway', null, 'dgnd31'),
('3469673455935', 'Chloe', 'Ryce', 'rn5synfgjn6', 'cryce17@intel.com', '+54-297-144-1306', '6 Holy Cross Place', null, '36ebda'),
('8984634624745', 'Cami', 'Endrizzi', '5n56yn', 'cendrizzi18@e-recht24.de', '+81-645-285-6357', '212 Transport Center', null, 'enwer5'),
('7945634758367', 'Vi', 'Fettes', 'nuyns5n7', 'vfettes19@cafepress.com', '+86-384-911-9849', '74380 Graedel Pass', null, 'dv25a2'),
('3578322468356', 'Jo ann', 'Chotty', 'n4nnkndnnk', 'jchotty1a@shop-pro.jp', '+66-637-234-6100', '5419 Browning Street', null, '47dbd2'),
('6967843463468', 'Ebba', 'Hainey', '679njhh', 'ehainey1b@taobao.com', '+51-676-191-0018', '317 Sutteridge Hill', null, 'db5db1'),
('4356877575695', 'Alyson', 'Dominick', 'hnj635655', 'adominick1c@fastcompany.com', '+351-716-748-4077', '58 Donald Alley', null, 'ad5ev1'),
('4679346374835', 'Daniella', 'Lapthorn', '87585346', 'dlapthorn1d@angelfire.com', '+46-746-860-5382', '61 Grover Junction', null, 'dv224v'),
('5685734635563', 'Karon', 'Vella', '4w45i57', 'kvella1e@zimbio.com', '+256-483-863-4461', '56133 Grayhawk Terrace', null, 'adv24s'),
('5479767366538', 'Ira', 'Turmel', 'n6ntn5n', 'iturmel1f@amazon.co.jp', '+689-833-700-5450', '92 Tomscot Crossing', null, 'vs35sv'),
('6844345536848', 'Dell', 'Geram', 'tjn6fghne5', 'dgeram23@deliciousdays.com', '+55-196-634-5861', '4 Monterey Crossing', null, 'vs35sv'),
('5683255685248', 'Heath', 'Murtagh', 'gkn6578', 'hmurtagh24@omniture.com', '+62-405-406-9904', '34356 Fieldstone Center', null, 'vs35sv'),
('2485634748568', 'Krystyna', 'Hartle', '5urgnh7', 'khartle25@deliciousdays.com', '+86-670-261-8260', '60 Weeping Birch Park', null, 'vs35sv'),
('5783466585247', 'Jesselyn', 'Bransdon', 'tnghjn6n', 'jbransdon28@purevolume.com', '+54-979-667-7709', '110 Florence Way', null, 'vs35sv'),
('6832452475434', 'Brandise', 'Beves', 't6ynhd6', 'bbeves29@oracle.com', '+976-688-524-5177', '88 Moulton Terrace', null, 'vs35sv'),
('5658845624724', 'Edna', 'Matyatin', '7fdrghj', 'ematyatin2a@hexun.com', '+504-851-502-0408', '507 Arrowood Street', null, 'vs35sv'),
('2683457235756', 'Allyn', 'Alekseicik', 'gkn6f', 'aalekseicik26@oracle.com', '+387-412-226-7745', '41 Maryland Park', null, 'vs35sv'),
('4568455683462', 'Leisha', 'Cultcheth', '56gnff6', 'lcultcheth27@dailymail.co.uk', '+504-673-192-2382', '01101 Fieldstone Terrace', null, 'vs35sv'),
('4578574684628', 'Melany', 'Humfrey', '46njgjj', 'mhumfrey1g@techcrunch.com', '+1-235-264-8983', '0955 Almo Lane', null, 'dvcvc3'),
('7973463634838', 'Lyssa', 'Balogh', 'tungjn6585', 'lbalogh1k@nps.gov', '+27-242-262-3460', '5 Evergreen Pass', null, 'dvcvc3'),
('6794346347468', 'Lisbeth', 'Clemintoni', 'nyn678', 'lclemintoni1l@redcross.org', '+1-973-971-3799', '577 Bashford Terrace', null, 'dvcvc3'),
('2469346357463', 'Jerrylee', 'McQuade', 'tnjnkdn67', 'jmcquade1m@networksolutions.com', '+62-928-125-5861', '5063 Dixon Terrace', null, 'dvcvc3'),
('5683463575388', 'Carlynn', 'Padrick', 'ngjn6n6', 'cpadrick1n@admin.ch', '+389-600-453-4818', '41305 Old Shore Parkway', null, 'dvcvc3'),
('3567984563574', 'Dahlia', 'Pennone', 'ntdjnd676', 'dpennone1o@zimbio.com', '+55-161-132-0027', '65404 Fieldstone Drive', null, 'dvcvc3'),
('4623247683446', 'Martha', 'Mullane', 'jhjjnf5n6', 'mmullane1h@marketwatch.com', '+86-404-690-2956', '75 Shasta Road', null, 'sdvb3s'),
('2456793476834', 'Fay', 'Burel', 'tnnj5n6', 'fburel1i@slideshare.net', '+55-175-735-7821', '251 Buhler Trail', null, 'bsdv3s'),
('7346235934373', 'Dianne', 'Hefforde', 'ntyj6746', 'dhefforde1j@t.co', '+234-284-649-1712', '3 Dixon Street', null, 'bsdv3s'),
('6796457348533', 'Anneliese', 'Keems', 'dntjknd656', 'akeems1p@bravesites.com', '+66-470-848-6711', '18573 Coolidge Alley', null, '47dbd2'),
('9793463543883', 'Minna', 'Laing', 'nghjd6n65', 'mlaing1q@creativecommons.org', '+86-264-687-2100', '52 Arapahoe Terrace', null, '47dbd2'),
('5678743463837', 'Jodi', 'Parratt', 'ngjkdnny67', 'jparratt1r@exblog.jp', '+976-764-883-9324', '519 Buena Vista Hill', null, '47dbd2'),
('3569457346853', 'Andromache', 'Cusack', 'jhknjr577', 'acusack1s@unc.edu', '+63-299-735-0428', '96 Norway Maple Center', null, '47dbd2'),
('5746234634835', 'Mabelle', 'Leser', '5788tnhg', 'mleser1t@bing.com', '+86-369-254-0195', '921 Northfield Road', null, '47dbd2'),
('7698434357423', 'Melita', 'Horley', 'fgnknt5678', 'mhorley1u@tuttocitta.it', '+420-254-460-8146', '72621 Loeprich Road', null, '47dbd2'),
('9864457534828', 'Theresa', 'Tolchard', '65nj56d', 'ttolchard1v@ucoz.com', '+55-578-326-3958', '4958 Bay Terrace', null, 'egfge3'),
('9683347548324', 'Koralle', 'Dennehy', '6tnkn765', 'kdennehy1w@list-manage.com', '+380-713-983-1411', '863 Victoria Place', null, 'egfge3'),
('4657257683837', 'Nita', 'Attenbrough', 'dyn5675678d', 'nattenbrough1x@google.com', '+52-177-209-8626', '28927 South Road', null, 'egfge3'),
('7653425785346', 'Emmaline', 'Whitelaw', 'ghgjnkdt6678', 'ewhitelaw1y@reverbnation.com', '+7-538-116-2923', '205 Haas Alley', null, 'egfge3'),
('2457723448683', 'Carmelita', 'Kesper', '6nnjf6e65', 'ckesper1z@infoseek.co.jp', '+380-559-223-0048', '85487 Scott Lane', null, '23hbgd'),
('4634643524578', 'Hedi', 'Terzza', 'ne6run6', 'hterzza20@unblog.fr', '+62-827-145-4622', '71 Birchwood Alley', null, '23hbgd'),
('3468234486583', 'Sapphira', 'Grief', 'ntk46785', 'sgrief21@mlb.com', '+62-945-659-4913', '72321 Rockefeller Pass', null, '23hbgd'),
('3254873568686', 'Faina', 'Scrinage', '6567tgn6', 'fscrinage22@rakuten.co.jp', '+261-348-505-8624', '839 Marcy Way', null, '23hbgd'),
('2468138347823', 'Ursula', 'Merrikin', 'ghn69432d', 'umerrikin2i@telegraph.co.uk', '+81-765-788-2121', '54203 Arapahoe Junction', null, 'sfbd14'),
('6835813581346', 'Blythe', 'Hiskey', 'gfj4vhgb', 'bhiskey2j@pagesperso-orange.fr', '+86-891-605-7497', '4202 Kropf Lane', null, 'sfbd14'),
('2458138357857', 'Lucila', 'Armour', 'dgfbh32u', 'larmour2k@dion.ne.jp', '+86-627-167-8733', '28916 Mandrake Drive', null, 'sfbd14'),
('8358158138435', 'Easter', 'Kern', 'fhb576', 'ekern2l@soundcloud.com', '+62-715-104-3255', '928 Sutherland Trail', null, 'sfbd14'),
('8325825825737', 'Jacquie', 'Lapslie', 'dgb3', 'jlapslie2m@livejournal.com', '+51-344-374-1764', '7 Crest Line Center', null, 'sfbd14'),
('3682358532583', 'Catharine','Duhig', '3574bdgh', 'cduhig2n@1und1.de', '+54-805-949-9466', '497 Prairie Rose Junction', null, '23hbgd'),
('8258358258534', 'Carri', 'Fullilove', 'dgb32', 'cfullilove2o@jimdo.com', '+591-364-681-7235', '6116 Lien Drive', null, '23hbgd'),
('8346824682473', 'Tilda', 'Calafato', 'bhfhb67', 'tcalafato2p@nps.gov', '+86-599-598-5338', '6345 Weeping Birch Center', null, '23hbgd'),
('8234814684835', 'Codie', 'Freund', 'dghb32', 'cfreund2q@360.cn', '+86-416-873-8799', '3 American Court', null, '23hbgd'),
('3625725835782', 'Georgeta', 'Jenney', 'sfdhb25', 'gjenney2r@ameblo.jp', '+81-331-336-3709', '8 Haas Park', null, '23hbgd'),
('6541551135448', 'Valenka', 'Rosenau', 'reg4734', 'vrosenau1@joomla.org', '+420-297-154-7754', '8281 Susan Terrace', null, 'gnvx32'),
('3686835634637', 'Hildegarde', 'Hollingdale', '47357rjdfg', 'hhollingdalec@opensource.org', '+291-556-733-2808', '8 New Castle Trail', null, 'gnvx32'),
('4568456346864', 'Andy', 'Meysham', 'bw5yr5bghb', 'ameyshamu@earthlink.net', '+359-966-520-4539', '1919 Swallow Crossing', null, 'sdvsv3'),
('2357686845758', 'Clareta', 'Greedier', '54b76u8sbh', 'cgreedierv@opera.com', '+31-841-156-7956', '5478 Shasta Pass', null, '235gsv'),
('3578456367583', 'Kailey', 'Yurivtsev', 'b6uuddfg', 'kyurivtsevw@seattletimes.com', '+86-489-195-8739', '1807 8th Parkway', null, 'bbb3sv'),
('5248348524576', 'Diana', 'Bidewel', 't773wr', 'dbidewel2b@g.co', '+62-245-954-0137', '657 Maryland Avenue', null, 'sdvsv3'),
('1245568376837', 'Nadean', 'Bouttell', '3579njhdy', 'nbouttell2c@posterous.com', '+63-893-306-7817', '9348 Hagan Park', null, 'sdvsv3'),
('8939321357357', 'Kakalina', 'Stoyell', 'd6556nfgh', 'kstoyell2d@com.com', '+48-854-775-0698', '3215 Forest Dale Park', null, 'sdvsv3'),
('6832462468245', 'Chrysa', 'Moncey', '673tnw2nhhj', 'cmoncey2e@4shared.com', '+63-602-159-0518', '4210 Thierer Hill', null, 'sdvsv3'),
('8353824682458', 'Zora', 'Kitney', 'ghn3w468g', 'zkitney2g@marriott.com', '+47-752-849-3849', '6029 Elmside Plaza', null, 'sdvsv3'),
('5793556245882', 'Elberta', 'Wardall', '3451yhsdn', 'ewardall2h@samsung.com', '+86-200-911-9857', '1 Hanover Center', null, 'sdvsv3'),
('6595567534773', 'Debbi', 'Eltone', 'b45b5rbhb', 'deltonel@tamu.edu', '+84-263-102-5002', '56355 Pine View Hill', null, '3ght67'),
('5684356435685', 'Dix', 'Weedon', 'ebr5bethb', 'dweedonm@123-reg.co.uk', '+86-585-518-6146', '36 Division Hill', null, '3ght67');

INSERT INTO ticket_flight (t_no, t_pass_fname, t_pass_lname, fl_code, t_fl_date, t_price, t_fare) VALUES
('6541551135448', 'Valenka', 'Rosenau','1LeMJJzMjw' ,'11/9/2022 ', 102, 'First class'),
('3686835634637', 'Hildegarde', 'Hollingdale','1LeMJJzMjw', '11/9/2022', 175, 'First class'),
('4568456346864', 'Andy','Meysham','HfdofJ86Jo', '22/9/2022', 177, 'First class'),
('2357686845758', 'Clareta','Greedier','HfdofJ86Jo', '22/9/2022', 157, 'First class'),
('3578456367583', 'Kailey','Yurivtsev','HfdofJ86Jo', '22/9/2022', 187, 'First class'),
('5248348524576', 'Diana', 'Bidewel', 'HfdofJ86Jo', '22/9/2022', 97, 'Economy'),
('1245568376837', 'Nadean', 'Bouttell', 'HfdofJ86Jo', '22/9/2022', 97, 'Economy'),
('8939321357357', 'Kakalina', 'Stoyell', 'HfdofJ86Jo', '22/9/2022', 97, 'Economy'),
('6832462468245', 'Chrysa', 'Moncey', 'HfdofJ86Jo', '22/9/2022', 97, 'Economy'),
('8353824682458', 'Zora', 'Kitney', 'HfdofJ86Jo', '22/9/2022', 97, 'Economy'),
('5793556245882', 'Elberta', 'Wardall', 'HfdofJ86Jo', '22/9/2022', 97, 'Economy'),
('6595567534773', 'Debbi', 'Eltone','1J8PSkCuMZ', '09/9/2022', 107, 'Economy'),
('5684356435685', 'Dix', 'Weedon','1J8PSkCuMZ', '09/9/2022', 107, 'Economy'),
('1265789542646', 'Celka', 'Nordass','EDoazFvG2m', '6/9/2022', 38, 'Economy'),
('1265789542646', 'Celka', 'Nordass','16aghzXbPp', '13/9/2022', 102, 'First class'),
('5435851315564', 'Gwendolyn', 'Crosfeld','1DxfMSFQW8', '10/9/2022', 55, 'Business'),
('7633435365673', 'Marthe', 'Breeze','1J8PSkCuMZ', '2/9/2022', 88, 'Economy'),
('3574345747346', 'Enid', 'Balsillie','1J8PSkCuMZ', '2/9/2022', 78, 'Economy'),
('4257474534657', 'Melodee', 'Warby','1J8PSkCuMZ', '2/9/2022', 108, 'First class'),
('3457432346245', 'Vivienne', 'Staning','HfdofJ86Jo', '13/9/2022', 66, 'Economy'),
('3457432346245', 'Vivienne', 'Staning','HfdofJ86Jo', '17/9/2022', 66, 'Economy'),
('4257425724523', 'Clari', 'O'' Ronan', '16aghzXbPp', '14/9/2022', 76, 'Economy'),
('2356236656522', 'Benny', 'Nuemann', '16aghzXbPp', '15/9/2022', 55, 'Economy'),
('2457468545686', 'Cortney', 'Campling', '16aghzXbPp', '15/9/2022', 25, 'Economy'),
('4568325768655', 'Carrissa', 'Carthy','16aghzXbPp', '25/9/2022', 75, 'Economy'),
('3592458564464', 'Malanie', 'Dullingham','16aghzXbPp', '25/9/2022', 75, 'Economy'),
('6785673457682', 'Eugenie', 'Leatherbarrow', '1LeMJJzMjw', '20/9/2022', 105, 'First class'),
('3568524573468', 'Sher', 'Dunkirk','1LeMJJzMjw', '20/9/2022', 125, 'First class'),
('3568524573468', 'Sher', 'Dunkirk','1LeMJJzMjw', '24/9/2022', 75, 'First class'),
('3568534375768', 'Lettie', 'Myall','1DxfMSFQW8', '10/9/2022', 80, 'Economy'),
('4675674567568', 'Marcie', 'Sole','1DxfMSFQW8', '10/9/2022', 80, 'Economy'),
('2465752342466', 'Winni', 'Stienham','1DxfMSFQW8', '12/9/2022', 85, 'Economy'),
('5679657874534', 'Garnet', 'Hassent','1DxfMSFQW8', '12/9/2022', 45, 'Economy'),
('6796356685847', 'Myriam', 'Matkin','1J8PSkCuMZ', '02/9/2022', 65, 'Economy'),
('2354568567658', 'Darline', 'Olivello','1J8PSkCuMZ', '02/9/2022',77, 'Economy'),
('2358568325685', 'Sada', 'Tonge','1J8PSkCuMZ', '13/9/2022', 17, 'Economy'),
('8785645675684', 'Leda', 'McKue','HfdofJ86Jo', '13/9/2022', 177, 'First class'),
('3458658784567', 'Aeriel', 'Collecott','HfdofJ86Jo', '13/9/2022', 74, 'Economy'),
('6793456345688', 'Cate', 'Sowrah','HfdofJ86Jo', '17/9/2022', 67, 'Economy'),
('2468797568964', 'Suzann', 'Brammall','HfdofJ86Jo', '20/9/2022', 77, 'Economy'),
('6895734575848', 'Katha', 'Peteri','HfdofJ86Jo', '20/9/2022', 32, 'Economy'),
('3568794634684', 'Rochette', 'Jeskins','HfdofJ86Jo', '20/9/2022', 177, 'First class'),
('6793456879634', 'Kori', 'Voak','OPljf24efj', '07/9/2022', 67, 'Economy'),
('6794546873457', 'Robby', 'Dedam','OPljf24efj', '07/9/2022', 67, 'Economy'),
('6794575687937', 'Gertruda', 'Burdin','OPljf24efj', '11/9/2022', 47, 'Economy'),
('2465768556848', 'Heidi', 'Lowres','OPljf24efj', '13/9/2022', 27, 'Economy'),
('4685345357685', 'Galina', 'Rive','OPljf24efj', '13/9/2022', 57, 'Economy'),
('6587853463574', 'Mollie', 'Waiting','OPljf24efj', '25/9/2022', 87, 'Economy'),
('5685346325657', 'Ysabel', 'Lacy','OPljf24efj', '25/9/2022', 95, 'Economy'),
('5685346325757', 'Calley', 'Garratty','AV769djvdo', '04/9/2022', 90, 'Economy'),
('5679677345387', 'Jessica', 'Padillo','AV769djvdo', '04/9/2022', 90, 'Economy'),
('6895746879456', 'Angelique', 'Jeffcoat','AV769djvdo', '07/9/2022', 40, 'Economy'),
('3469673455935', 'Chloe', 'Ryce','AV769djvdo', '07/9/2022', 42, 'Economy'),
('8984634624745', 'Cami', 'Endrizzi','AV769djvdo', '16/9/2022', 72, 'Economy'),
('7945634758367', 'Vi', 'Fettes','AV769djvdo', '26/9/2022', 72, 'Economy'),
('3578322468356', 'Jo ann', 'Chotty','AV769djvdo', '26/9/2022', 72, 'Economy'),
('6967843463468', 'Ebba', 'Hainey','hti86HUk97', '01/9/2022', 86, 'Economy'),
('4356877575695', 'Alyson', 'Dominick','hti86HUk97', '01/9/2022', 97, 'Economy'),
('4679346374835', 'Daniella', 'Lapthorn','hti86HUk97', '05/9/2022', 97, 'Economy'),
('5685734635563', 'Karon', 'Vella', 'hti86HUk97', '05/9/2022', 97, 'Economy'),
('5479767366538', 'Ira', 'Turmel', 'HfdofJ86Jo', '20/9/2022', 97, 'Economy'),
('6844345536848', 'Dell', 'Geram', 'HfdofJ86Jo', '20/9/2022', 97, 'Economy'),
('5683255685248', 'Heath', 'Murtagh', 'HfdofJ86Jo', '20/9/2022', 97, 'Economy'),
('2485634748568', 'Krystyna', 'Hartle', 'HfdofJ86Jo', '20/9/2022', 97, 'Economy'),
('5783466585247', 'Jesselyn', 'Bransdon', 'HfdofJ86Jo', '20/9/2022', 97, 'Economy'),
('6832452475434', 'Brandise', 'Beves', 'HfdofJ86Jo', '20/9/2022', 97, 'Economy'),
('5658845624724', 'Edna', 'Matyatin', 'HfdofJ86Jo', '20/9/2022', 97, 'Economy'),
('2683457235756', 'Allyn', 'Alekseicik','HfdofJ86Jo', '20/9/2022', 97, 'Economy'),
('4568455683462', 'Leisha', 'Cultcheth','HfdofJ86Jo', '20/9/2022', 97, 'Economy'),
('4578574684628', 'Melany', 'Humfrey','1343ffvrsv', '13/9/2022', 74, 'Economy'),
('7973463634838', 'Lyssa', 'Balogh','1343ffvrsv', '13/9/2022', 74, 'Economy'),
('6794346347468', 'Lisbeth', 'Clemintoni','1343ffvrsv', '13/9/2022', 74, 'Economy'),
('2469346357463', 'Jerrylee', 'McQuade','1343ffvrsv', '13/9/2022', 74, 'Economy'),
('5683463575388', 'Carlynn', 'Padrick','1343ffvrsv', '13/9/2022', 74, 'Economy'),
('3567984563574', 'Dahlia', 'Pennone','1343ffvrsv', '13/9/2022', 74, 'Economy'),
('4623247683446', 'Martha', 'Mullane','1343ffvrsv', '13/9/2022', 74, 'Economy'),
('2456793476834', 'Fay', 'Burel','1343ffvrsv', '13/9/2022', 74, 'Economy'),
('7346235934373', 'Dianne', 'Hefforde','1343ffvrsv', '13/9/2022', 74, 'Economy'),
('6796457348533', 'Anneliese', 'Keems','AV769djvdo', '26/9/2022', 72, 'Economy'),
('9793463543883', 'Minna', 'Laing','AV769djvdo', '26/9/2022', 72, 'Economy'),
('5678743463837', 'Jodi', 'Parratt','AV769djvdo', '26/9/2022', 72, 'Economy'),
('3569457346853', 'Andromache', 'Cusack','AV769djvdo', '26/9/2022', 72, 'Economy'),
('5746234634835', 'Mabelle', 'Leser','AV769djvdo', '26/9/2022', 72, 'Economy'),
('7698434357423', 'Melita', 'Horley','AV769djvdo', '26/9/2022', 72, 'Economy'),
('9864457534828', 'Theresa', 'Tolchard','OPljf24efj', '25/9/2022', 95, 'Economy'),
('9683347548324', 'Koralle', 'Dennehy','OPljf24efj', '25/9/2022', 95, 'Economy'),
('4657257683837', 'Nita', 'Attenbrough','OPljf24efj', '25/9/2022', 95, 'Economy'),
('7653425785346', 'Emmaline', 'Whitelaw','OPljf24efj', '25/9/2022', 95, 'Economy'),
('2457723448683', 'Carmelita', 'Kesper','OPljf24efj', '13/9/2022', 95, 'Economy'),
('4634643524578', 'Hedi', 'Terzza','OPljf24efj', '13/9/2022', 95, 'Economy'),
('3468234486583', 'Sapphira', 'Grief','OPljf24efj', '13/9/2022', 95, 'Economy'),
('3254873568686', 'Faina', 'Scrinage','OPljf24efj', '13/9/2022', 95, 'Economy'),
('2468138347823', 'Ursula', 'Merrikin', 'HfdofJ86Jo', '13/9/2022', 57, 'Economy'),
('6835813581346', 'Blythe', 'Hiskey', 'HfdofJ86Jo', '13/9/2022', 57, 'Economy'),
('2458138357857', 'Lucila', 'Armour', 'HfdofJ86Jo', '13/9/2022', 57, 'Economy'),
('8358158138435', 'Easter', 'Kern', 'HfdofJ86Jo', '13/9/2022', 57, 'Economy'),
('8325825825737', 'Jacquie', 'Lapslie', 'HfdofJ86Jo', '13/9/2022', 57, 'Economy'),
('3682358532583', 'Catharine','Duhig','OPljf24efj', '13/9/2022', 95, 'Economy'),
('8258358258534', 'Carri','Fullilove','OPljf24efj', '13/9/2022', 95, 'Economy'),
('8346824682473', 'Tilda','Calafato','OPljf24efj', '13/9/2022', 95, 'Economy'),
('8234814684835', 'Codie','Freund','OPljf24efj', '13/9/2022', 95, 'Economy'),
('8234814684835', 'Codie','Freund','HfdofJ86Jo', '13/9/2022', 95, 'Business'),
('8234814684835', 'Codie','Freund','AV769djvdo', '26/9/2022', 95, 'Economy'),
('8234814684835', 'Codie','Freund','OPljf24efj', '25/9/2022', 95, 'Business'),
('3625725835782', 'Georgeta','Jenney','OPljf24efj', '13/9/2022', 95, 'Economy');

INSERT INTO boarding (airc_capacity, board_no, board_seat_no, t_no, t_pass_fname, t_pass_lname, fl_code, t_fl_date) VALUES 
(101, 1, 1, '6541551135448', 'Valenka', 'Rosenau','1LeMJJzMjw' ,'11/9/2022'),
(101, 2, 2, '3686835634637', 'Hildegarde', 'Hollingdale','1LeMJJzMjw', '11/9/2022'),
(35, 1, 1, '4568456346864', 'Andy','Meysham','HfdofJ86Jo', '22/9/2022'),
(35, 2, 2, '2357686845758', 'Clareta','Greedier','HfdofJ86Jo', '22/9/2022'),
(35, 3, 3, '3578456367583', 'Kailey','Yurivtsev','HfdofJ86Jo', '22/9/2022'),
(35, 4, 4, '5248348524576', 'Diana', 'Bidewel', 'HfdofJ86Jo', '22/9/2022'),
(35, 5, 5, '1245568376837', 'Nadean', 'Bouttell', 'HfdofJ86Jo', '22/9/2022'),
(35, 6, 6, '8939321357357', 'Kakalina', 'Stoyell', 'HfdofJ86Jo', '22/9/2022'),
(35, 7, 7, '6832462468245', 'Chrysa', 'Moncey', 'HfdofJ86Jo', '22/9/2022'),
(35, 8, 8, '8353824682458', 'Zora', 'Kitney', 'HfdofJ86Jo', '22/9/2022'),
(35, 9, 9, '5793556245882', 'Elberta', 'Wardall', 'HfdofJ86Jo', '22/9/2022'),
(100, 1, 1, '6595567534773', 'Debbi', 'Eltone','1J8PSkCuMZ', '09/9/2022'),
(100, 2, 2, '5684356435685', 'Dix', 'Weedon','1J8PSkCuMZ', '09/9/2022');